{
  "policy": [
    1,
    1,
    1,
    1,
    1,
    1,
    1,
    1,
    1,
    1,
    1,
    1,
    3,
    3,
    3,
    -1
  ],
  "value_function": [
    -4.90099501,
    -3.9403989999999998,
    -2.9701,
    -1.99,
    -3.9403989999999998,
    -2.9701,
    -1.99,
    -1.0,
    -2.9701,
    -1.99,
    -1.0,
    0.0,
    -1.99,
    -1.0,
    0.0,
    0.0
  ],
  "env_config": {
    "n_rows": 4,
    "n_cols": 4,
    "start_state": [
      0,
      0
    ],
    "terminal_states": [
      [
        3,
        3
      ]
    ],
    "reward_matrix": [
      [
        -1.0,
        -1.0,
        -1.0,
        -1.0
      ],
      [
        -1.0,
        -1.0,
        -1.0,
        -1.0
      ],
      [
        -1.0,
        -1.0,
        -1.0,
        -1.0
      ],
      [
        -1.0,
        -1.0,
        -1.0,
        0.0
      ]
    ]
  }
}